,PRED_ERROR,FRIIS_ERROR
MiReuk 100.0MHz,3.0348301247187215,16.94365256007739
MuDeung 100.0MHz,5.303726623558881,17.034657501021645
SikJang 100.0MHz,3.7491744186465734,18.131307886690998
NamSan 100.0MHz,2.7858800114093185,14.726405795976618
ChungJu 100.0MHz,4.2238304020093835,17.303563075204263
Daegu 100.0MHz,5.004063372587791,20.305641577305284
GIST 100.0MHz,4.828681893105851,18.32487413477746
